steps,avg_reward,collision_rate,episode_length
100,7.413333333333334,0.0,40.0
200,7.413333333333334,0.0,40.0
300,7.413333333333334,0.0,40.0
400,7.413333333333334,0.0,40.0
500,7.413333333333334,0.0,40.0
600,15.794516715510744,0.0,40.0
700,9.534247853271218,1.0,39.0
800,3.4819879553306428,1.0,22.0
900,9.25790660269381,0.0,40.0
1000,1.6133333333333333,0.0,40.0
1100,0.0,0.0,40.0
1200,0.0,0.0,40.0
1300,0.8737124377732993,0.0,40.0
1400,3.5852855976697273,1.0,5.0
1500,0.8726674971175683,0.0,40.0
1600,1.6750036176813128,0.0,40.0
1700,0.0,0.0,40.0
1800,0.0,0.0,40.0
1900,0.0,0.0,40.0
2000,0.0,0.0,40.0
2100,0.0,0.0,40.0
2200,3.4922461614814373,1.0,19.0
2300,0.8000000000000002,0.0,40.0
2400,3.579871791855679,1.0,13.0
2500,2.4390277475687148,0.0,40.0
2600,4.314546935619931,1.0,14.0
2700,7.735286558919871,1.0,15.0
2800,4.180234367953528,0.0,40.0
2900,3.2947461923744576,0.0,40.0
3000,6.52,0.0,40.0
3100,4.1298712215818965,0.0,40.0
3200,8.473296993052864,0.0,40.0
3300,12.08302346828386,0.0,40.0
3400,4.962728444293095,0.0,40.0
3500,9.336203608344558,0.0,40.0
3600,5.851889119275576,0.0,40.0
3700,6.756847876227144,0.0,40.0
3800,5.93459570437719,0.0,40.0
3900,12.398533423518174,0.0,40.0
4000,9.785828950102756,0.0,40.0
4100,5.653333333333333,0.0,40.0
4200,9.783326552445489,0.0,40.0
4300,8.243881275162352,0.0,40.0
4400,8.960620968040708,0.0,40.0
4500,8.173333333333334,0.0,40.0
4600,9.11458769498089,0.0,40.0
4700,10.639999999999999,0.0,40.0
4800,9.026666666666667,0.0,40.0
4900,14.611001631000784,0.0,40.0
5000,7.451046688886218,0.0,40.0
5100,8.307739390348251,0.0,40.0
5200,17.111366750302352,0.0,40.0
5300,12.169330449551756,0.0,40.0
5400,12.213019053755621,0.0,40.0
5500,9.849524098626203,0.0,40.0
5600,9.106666666666667,0.0,40.0
5700,9.888488129768891,0.0,40.0
5800,8.259494049213869,0.0,40.0
5900,9.951915351993454,0.0,40.0
6000,9.72,0.0,40.0
6100,5.666666666666667,0.0,40.0
6200,10.656774362276028,0.0,40.0
6300,6.546666666666667,0.0,40.0
6400,10.636377584607859,0.0,40.0
6500,9.942089968047753,0.0,40.0
6600,6.493333333333335,0.0,40.0
6700,10.639999999999999,0.0,40.0
6800,13.066666666666668,0.0,40.0
6900,21.79812431644439,0.0,40.0
7000,12.266666666666664,0.0,40.0
7100,9.026666666666666,0.0,40.0
7200,10.644439171793241,0.0,40.0
7300,13.026666666666666,0.0,40.0
7400,17.159999999999997,0.0,40.0
7500,6.573333333333333,0.0,40.0
7600,23.8,0.0,40.0
7700,14.666666666666664,0.0,40.0
7800,16.280000000000005,0.0,40.0
7900,15.586666666666664,0.0,40.0
8000,11.520000000000001,0.0,40.0
8100,21.253333333333337,0.0,40.0
8200,13.08,0.0,40.0
8300,17.986666666666665,0.0,40.0
8400,16.439999999999998,0.0,40.0
8500,27.186666666666664,0.0,40.0
8600,21.37333333333333,0.0,40.0
8700,25.416616380909954,0.0,40.0
8800,11.479999999999999,0.0,40.0
8900,21.226666666666667,0.0,40.0
9000,21.764646699983675,0.0,40.0
9100,21.33333333333334,0.0,40.0
9200,11.56,0.0,40.0
9300,11.693333333333333,0.0,40.0
9400,15.81333333333333,0.0,40.0
9500,14.04,0.0,40.0
9600,12.306666666666665,0.0,40.0
9700,23.973333333333333,0.0,40.0
9800,32.34666666666668,0.0,40.0
9900,18.906666666666663,0.0,40.0
10000,10.693333333333333,0.0,40.0
10100,17.88,0.0,40.0
10200,18.13333333333333,0.0,40.0
10300,16.52184105010439,0.0,40.0
10400,11.533333333333333,0.0,40.0
10500,14.759999999999996,0.0,40.0
10600,30.080000000000013,0.0,40.0
10700,22.786666666666665,0.0,40.0
10800,22.339967770560857,0.0,40.0
10900,16.37333333333333,0.0,40.0
11000,27.079999999999995,0.0,40.0
11100,24.535541105824972,0.0,40.0
11200,18.68,0.0,40.0
11300,18.666666666666668,0.0,40.0
11400,18.78666666666666,0.0,40.0
11500,13.88,0.0,40.0
11600,13.993929962519678,0.0,40.0
11700,28.816336224118686,0.0,40.0
11800,20.39279965363985,0.0,40.0
11900,21.04795073778826,0.0,40.0
12000,26.240000000000006,0.0,40.0
12100,21.30666666666667,0.0,40.0
12200,15.733333333333333,0.0,40.0
12300,26.33279832935546,0.0,40.0
12400,22.05333333333333,0.0,40.0
12500,26.280000000000012,0.0,40.0
12600,16.426666666666662,0.0,40.0
12700,28.468206512261617,0.0,40.0
12800,30.091436270442312,0.0,40.0
12900,32.849281290359606,0.0,40.0
13000,22.053333333333338,0.0,40.0
13100,24.399999999999995,0.0,40.0
13200,26.906666666666677,0.0,40.0
13300,27.116194227526563,0.0,40.0
13400,29.761379710763624,0.0,40.0
13500,33.34836913287491,0.0,40.0
13600,32.93756904657236,0.0,40.0
13700,31.26978033056044,0.0,40.0
13800,29.030616381152715,0.0,40.0
13900,32.37956791722143,0.0,40.0
14000,33.228271273149446,0.0,40.0
14100,27.824179121738386,0.0,40.0
14200,33.06367880564538,0.0,40.0
14300,34.2565715395944,0.0,40.0
14400,27.289302208579524,0.0,40.0
14500,31.39394407750244,0.0,40.0
14600,33.59203108174457,0.0,40.0
14700,33.15519531736996,0.0,40.0
14800,33.0385096516525,0.0,40.0
14900,32.79502915295695,0.0,40.0
15000,33.39911889029739,0.0,40.0
15100,32.95068741053094,0.0,40.0
15200,32.82140119443323,0.0,40.0
15300,30.159999999999997,0.0,40.0
15400,32.69612027334249,0.0,40.0
15500,32.74740847727449,0.0,40.0
15600,33.12993681391746,0.0,40.0
15700,33.17199212416942,0.0,40.0
15800,32.84,0.0,40.0
15900,32.58401036583926,0.0,40.0
16000,33.1188769341508,0.0,40.0
16100,32.69759600435347,0.0,40.0
16200,32.93703967627117,0.0,40.0
16300,32.75111558602541,0.0,40.0
16400,32.7956305897409,0.0,40.0
16500,33.60421257632667,0.0,40.0
16600,33.399045124712465,0.0,40.0
16700,33.23042566076219,0.0,40.0
16800,33.459865270424935,0.0,40.0
16900,33.00821036107329,0.0,40.0
17000,32.83515557994313,0.0,40.0
17100,33.00689243148361,0.0,40.0
17200,32.669972097366,0.0,40.0
17300,32.97333333333336,0.0,40.0
17400,33.12297986185398,0.0,40.0
17500,32.93755383977782,0.0,40.0
17600,33.13375584255389,0.0,40.0
17700,33.02784865700734,0.0,40.0
17800,33.46367447367532,0.0,40.0
17900,32.80000000000002,0.0,40.0
18000,32.80093884845726,0.0,40.0
18100,32.557112679324796,0.0,40.0
18200,32.59051698588197,0.0,40.0
18300,32.693915584974775,0.0,40.0
18400,32.567709615484176,0.0,40.0
18500,32.77567262624663,0.0,40.0
18600,32.788231435845745,0.0,40.0
18700,33.00372942380622,0.0,40.0
18800,32.67099852804171,0.0,40.0
18900,33.07706258132417,0.0,40.0
19000,32.89787279807784,0.0,40.0
19100,32.6479323961394,0.0,40.0
19200,33.12901130654183,0.0,40.0
19300,32.670982124408695,0.0,40.0
19400,33.12071622830388,0.0,40.0
19500,32.577215613141675,0.0,40.0
19600,33.09881479434827,0.0,40.0
19700,33.12461369583005,0.0,40.0
19800,32.72748251106533,0.0,40.0
19900,32.7400901349628,0.0,40.0
20000,32.61093524180692,0.0,40.0
20100,32.820990459623985,0.0,40.0
20200,32.74639491523328,0.0,40.0
20300,32.586640564924764,0.0,40.0
20400,32.72969311317715,0.0,40.0
20500,33.345332873788465,0.0,40.0
20600,32.92482481507499,0.0,40.0
20700,33.02452353752938,0.0,40.0
20800,32.650747633777954,0.0,40.0
20900,32.68821077423848,0.0,40.0
21000,32.58794286751936,0.0,40.0
21100,33.06545501375526,0.0,40.0
21200,32.63814099223488,0.0,40.0
21300,32.58797125995193,0.0,40.0
21400,32.665868882879074,0.0,40.0
21500,32.920689687428585,0.0,40.0
21600,32.70689284298859,0.0,40.0
21700,33.03797675970949,0.0,40.0
21800,32.59511491104743,0.0,40.0
21900,32.61106018145418,0.0,40.0
22000,32.60717613835487,0.0,40.0
22100,32.607076771354734,0.0,40.0
22200,32.823101500975966,0.0,40.0
22300,33.10424417020725,0.0,40.0
22400,32.84525148428316,0.0,40.0
22500,33.083158276998454,0.0,40.0
22600,33.11636262696884,0.0,40.0
22700,33.01333333333336,0.0,40.0
22800,32.555204443118406,0.0,40.0
22900,33.058760470360035,0.0,40.0
23000,32.98071132611858,0.0,40.0
23100,33.06902677612335,0.0,40.0
23200,33.174709435788195,0.0,40.0
23300,33.010045196305356,0.0,40.0
23400,33.053549722617845,0.0,40.0
23500,33.07192173600823,0.0,40.0
23600,33.04004827019605,0.0,40.0
23700,33.12223399381912,0.0,40.0
23800,33.05861131539939,0.0,40.0
23900,28.11729926195836,0.0,40.0
24000,32.91624793597883,0.0,40.0
24100,32.99097660182058,0.0,40.0
24200,33.08703583477521,0.0,40.0
24300,32.72610006019673,0.0,40.0
24400,32.647000400467526,0.0,40.0
24500,32.571076498755005,0.0,40.0
24600,33.079087585945636,0.0,40.0
24700,28.190309587538035,0.0,40.0
24800,33.00764619096615,0.0,40.0
24900,32.847129214355284,0.0,40.0
25000,32.546331564206035,0.0,40.0
25100,27.359999999999996,0.0,40.0
25200,29.333333333333318,0.0,40.0
25300,32.760000000000005,0.0,40.0
25400,30.97333333333332,0.0,40.0
25500,31.066666666666674,0.0,40.0
25600,32.68,0.0,40.0
25700,25.899107738159966,0.0,40.0
25800,14.088333251653266,0.0,40.0
25900,29.742812782658362,0.0,40.0
26000,30.373333333333346,0.0,40.0
26100,32.53592361576197,0.0,40.0
26200,32.760164717976,0.0,40.0
26300,29.679578079678652,0.0,40.0
26400,26.57333333333335,0.0,40.0
26500,26.560000000000013,0.0,40.0
26600,32.888300513251835,0.0,40.0
26700,11.615866318563336,0.0,40.0
26800,28.946666666666683,0.0,40.0
26900,26.37333333333334,0.0,40.0
27000,30.52000000000002,0.0,40.0
27100,31.826666666666664,0.0,40.0
27200,24.840000000000014,0.0,40.0
27300,31.416250983846496,0.0,40.0
27400,26.444235456013857,0.0,40.0
27500,10.787493480787075,0.0,40.0
27600,24.920000000000005,0.0,40.0
27700,27.87789833145705,0.0,40.0
27800,30.106666666666666,0.0,40.0
27900,30.794551709509232,0.0,40.0
28000,30.640000000000025,0.0,40.0
28100,32.37333333333334,0.0,40.0
28200,28.613333333333344,0.0,40.0
28300,24.613333333333333,0.0,40.0
28400,28.853333333333342,0.0,40.0
28500,29.46666666666667,0.0,40.0
28600,23.106666666666673,0.0,40.0
28700,29.405566054651413,0.0,40.0
28800,25.77333333333334,0.0,40.0
28900,31.14666666666665,0.0,40.0
29000,32.53333333333333,0.0,40.0
29100,18.733333333333334,0.0,40.0
29200,29.6099894848323,0.0,40.0
29300,32.35310832372002,0.0,40.0
29400,31.31380632458465,0.0,40.0
29500,27.786453544239148,0.0,40.0
29600,29.119999999999994,0.0,40.0
29700,26.386178174363035,0.0,40.0
29800,33.40578757578472,0.0,40.0
29900,21.733333333333334,0.0,40.0
30000,33.636253996405046,0.0,40.0
30100,29.07014807465539,0.0,40.0
30200,30.02961832444544,0.0,40.0
30300,23.306883619169785,0.0,40.0
30400,32.828048048339795,0.0,40.0
30500,33.01883570168602,0.0,40.0
30600,27.94390437935714,0.0,40.0
30700,32.99623310819003,0.0,40.0
30800,28.49333333333333,0.0,40.0
30900,33.50136455001511,0.0,40.0
31000,32.28000000000002,0.0,40.0
31100,33.41635759733668,0.0,40.0
31200,28.933333333333334,0.0,40.0
31300,33.394879841055165,0.0,40.0
31400,33.23466512676812,0.0,40.0
31500,33.091026937647214,0.0,40.0
31600,33.2534638303256,0.0,40.0
31700,33.206416610237525,0.0,40.0
31800,32.99785094090283,0.0,40.0
31900,33.33139156872436,0.0,40.0
32000,33.26096866903542,0.0,40.0
32100,33.165911264528134,0.0,40.0
32200,33.170084454504625,0.0,40.0
32300,33.37345943655287,0.0,40.0
32400,33.50048678865108,0.0,40.0
32500,33.553239932681784,0.0,40.0
32600,33.46915025114765,0.0,40.0
32700,33.212985578863545,0.0,40.0
32800,33.16385189706554,0.0,40.0
32900,33.25962084327253,0.0,40.0
33000,33.24544783419524,0.0,40.0
33100,32.95450396537334,0.0,40.0
33200,33.1473820654251,0.0,40.0
33300,33.28146881755331,0.0,40.0
33400,33.30084409281723,0.0,40.0
33500,33.204312412121766,0.0,40.0
33600,33.19675942010038,0.0,40.0
33700,33.34221965950764,0.0,40.0
33800,33.211593332354724,0.0,40.0
33900,33.20009903634385,0.0,40.0
34000,32.91762582179207,0.0,40.0
34100,32.810948284767726,0.0,40.0
34200,33.17093578022285,0.0,40.0
34300,33.16714097163776,0.0,40.0
34400,32.67644674666228,0.0,40.0
34500,33.20120198838912,0.0,40.0
34600,32.979163376063276,0.0,40.0
34700,33.1363935601804,0.0,40.0
34800,33.15015040715359,0.0,40.0
34900,33.088396519632504,0.0,40.0
35000,32.73961445578909,0.0,40.0
35100,32.3794055590171,0.0,40.0
35200,33.176002204719474,0.0,40.0
35300,32.68931097075667,0.0,40.0
35400,33.070370874241775,0.0,40.0
35500,32.96767204696851,0.0,40.0
35600,33.027073219783674,0.0,40.0
35700,33.17200764793186,0.0,40.0
35800,33.000613473265645,0.0,40.0
35900,32.848296165075816,0.0,40.0
36000,32.72766360108845,0.0,40.0
36100,33.11411812577652,0.0,40.0
36200,32.9281057934913,0.0,40.0
36300,32.89438027289979,0.0,40.0
36400,32.891934071120545,0.0,40.0
36500,32.96685615436998,0.0,40.0
36600,32.762526852188394,0.0,40.0
36700,32.93342311142986,0.0,40.0
36800,33.069792555684955,0.0,40.0
36900,32.951793178436134,0.0,40.0
37000,32.55568300038337,0.0,40.0
37100,32.9036783093732,0.0,40.0
37200,32.876375501780075,0.0,40.0
37300,32.988743754976106,0.0,40.0
37400,33.01499754469495,0.0,40.0
37500,33.067200721624765,0.0,40.0
37600,33.06062384245194,0.0,40.0
37700,33.09186497878917,0.0,40.0
37800,32.94322249155159,0.0,40.0
37900,33.16252229807324,0.0,40.0
38000,32.975351501016604,0.0,40.0
38100,32.57160101309604,0.0,40.0
38200,32.835538144841315,0.0,40.0
38300,32.96966055703336,0.0,40.0
38400,32.314762988613,0.0,40.0
38500,32.909894141852526,0.0,40.0
38600,32.651980712197314,0.0,40.0
38700,32.86234208197329,0.0,40.0
38800,32.95829539336995,0.0,40.0
38900,32.603260530805585,0.0,40.0
39000,32.57565515328234,0.0,40.0
39100,32.62110248307636,0.0,40.0
39200,32.97474778831225,0.0,40.0
39300,33.15731949432553,0.0,40.0
39400,32.85019337734614,0.0,40.0
39500,33.19945372432498,0.0,40.0
39600,32.71513850238841,0.0,40.0
39700,33.15231363451221,0.0,40.0
39800,32.74026890228007,0.0,40.0
39900,32.961476836154695,0.0,40.0
40000,33.03423382376286,0.0,40.0
40100,33.165160487842776,0.0,40.0
40200,32.99094188257327,0.0,40.0
40300,32.988152151591535,0.0,40.0
40400,32.81639506699305,0.0,40.0
40500,31.056338923536654,0.0,40.0
40600,33.284062110939345,0.0,40.0
40700,32.701720336568386,0.0,40.0
40800,32.94756528892176,0.0,40.0
40900,32.91125378861115,0.0,40.0
41000,32.859856320603456,0.0,40.0
41100,32.59532127436162,0.0,40.0
41200,33.012766068824156,0.0,40.0
41300,33.01163345827335,0.0,40.0
41400,32.70245456076204,0.0,40.0
41500,32.56390339832493,0.0,40.0
41600,30.273468050542828,0.0,40.0
41700,33.247659298288355,0.0,40.0
41800,32.63596336225762,0.0,40.0
41900,32.78201947165008,0.0,40.0
42000,32.94136358912757,0.0,40.0
42100,32.98629385147094,0.0,40.0
42200,32.85896603377274,0.0,40.0
42300,32.88596132527562,0.0,40.0
42400,32.9530509348217,0.0,40.0
42500,32.860721236146134,0.0,40.0
42600,32.841387910884066,0.0,40.0
42700,32.980149673402,0.0,40.0
42800,33.04466431947786,0.0,40.0
42900,32.85997277152912,0.0,40.0
43000,33.0155818078212,0.0,40.0
43100,32.962498119068556,0.0,40.0
43200,32.84912284973106,0.0,40.0
43300,32.86054889036046,0.0,40.0
43400,32.99525666370936,0.0,40.0
43500,32.93537721175184,0.0,40.0
43600,32.96052446381353,0.0,40.0
43700,31.416669535133284,0.0,40.0
43800,32.96769675798402,0.0,40.0
43900,32.71918166225283,0.0,40.0
44000,32.574031801304606,0.0,40.0
44100,32.817515567812784,0.0,40.0
44200,32.908848037912215,0.0,40.0
44300,32.9494549828951,0.0,40.0
44400,32.803541463654724,0.0,40.0
44500,32.584247419722104,0.0,40.0
44600,32.98083384862789,0.0,40.0
44700,33.020976195936605,0.0,40.0
44800,32.967259127624104,0.0,40.0
44900,32.59144359191748,0.0,40.0
45000,33.001576936354425,0.0,40.0
45100,32.967276924303455,0.0,40.0
45200,32.96545306079516,0.0,40.0
45300,32.653943975413405,0.0,40.0
45400,32.95464186912555,0.0,40.0
45500,33.14813584274206,0.0,40.0
45600,32.69440097700623,0.0,40.0
45700,32.870889344350786,0.0,40.0
45800,32.90016898379548,0.0,40.0
45900,32.84110712787695,0.0,40.0
46000,32.662432782771425,0.0,40.0
46100,32.71535850478501,0.0,40.0
46200,32.98561789701545,0.0,40.0
46300,33.1809535784101,0.0,40.0
46400,33.066255463004886,0.0,40.0
46500,32.90280560636125,0.0,40.0
46600,33.00611262312944,0.0,40.0
46700,32.98701217482846,0.0,40.0
46800,32.85161992682728,0.0,40.0
46900,33.00284595063055,0.0,40.0
47000,32.586577639891615,0.0,40.0
47100,33.239795145153195,0.0,40.0
47200,32.95735797559965,0.0,40.0
47300,33.18464627605666,0.0,40.0
47400,33.06909193549526,0.0,40.0
47500,33.011754139206474,0.0,40.0
47600,33.00763897410131,0.0,40.0
47700,33.041297640864684,0.0,40.0
47800,33.10449077799046,0.0,40.0
47900,33.018041276184995,0.0,40.0
48000,32.95782474934267,0.0,40.0
48100,32.931513017393016,0.0,40.0
48200,33.10631186836419,0.0,40.0
48300,33.02538804021151,0.0,40.0
48400,33.11721996809508,0.0,40.0
48500,33.20484781456363,0.0,40.0
48600,33.48415863698714,0.0,40.0
48700,33.15720062051367,0.0,40.0
48800,32.88588062502699,0.0,40.0
48900,31.108188049709963,0.0,40.0
49000,33.13019100745628,0.0,40.0
49100,32.67768293581095,0.0,40.0
49200,33.10926382204311,0.0,40.0
49300,33.13622915857216,0.0,40.0
49400,33.25012506872538,0.0,40.0
49500,33.11632195769854,0.0,40.0
49600,33.09139491585145,0.0,40.0
49700,33.077350660355506,0.0,40.0
49800,33.25339324684761,0.0,40.0
49900,33.11872436912259,0.0,40.0
50000,33.15492738026304,0.0,40.0
50100,33.2060513761413,0.0,40.0
50200,33.16813222253675,0.0,40.0
50300,33.09088950109931,0.0,40.0
50400,33.0015399823574,0.0,40.0
50500,33.00395672320719,0.0,40.0
50600,33.32226425949896,0.0,40.0
50700,33.33111423281116,0.0,40.0
50800,33.13395528653625,0.0,40.0
50900,33.1760973416123,0.0,40.0
51000,33.26596705338258,0.0,40.0
51100,33.17407834690509,0.0,40.0
51200,33.08551951934582,0.0,40.0
51300,32.985801831279964,0.0,40.0
51400,33.17024811505694,0.0,40.0
51500,33.192212361546886,0.0,40.0
51600,33.22746864722358,0.0,40.0
51700,33.15945454177274,0.0,40.0
51800,33.13383125275979,0.0,40.0
51900,33.06908992389225,0.0,40.0
52000,33.22395010897379,0.0,40.0
52100,33.149110528608944,0.0,40.0
52200,33.03439342683961,0.0,40.0
52300,33.06058301681803,0.0,40.0
52400,33.130420349074285,0.0,40.0
52500,33.051353122075724,0.0,40.0
52600,33.28655329810983,0.0,40.0
52700,33.02066561759083,0.0,40.0
52800,33.16420521295668,0.0,40.0
52900,32.66424233693992,0.0,40.0
53000,33.244836636091506,0.0,40.0
53100,33.187743121720935,0.0,40.0
53200,33.18272659497853,0.0,40.0
53300,33.14051088729607,0.0,40.0
53400,32.945354092258334,0.0,40.0
53500,33.41757446701838,0.0,40.0
53600,33.319253791866736,0.0,40.0
53700,33.35685347944113,0.0,40.0
53800,33.221016987525395,0.0,40.0
53900,33.11319594243178,0.0,40.0
54000,33.23711491278307,0.0,40.0
54100,33.050622205919474,0.0,40.0
54200,33.21527775762014,0.0,40.0
54300,33.16073910420259,0.0,40.0
54400,33.32666594562042,0.0,40.0
54500,32.78297888862471,0.0,40.0
54600,32.93809560680375,0.0,40.0
54700,33.2047732367702,0.0,40.0
54800,33.11635421261672,0.0,40.0
54900,33.23608952460341,0.0,40.0
55000,33.27055051558196,0.0,40.0
55100,33.15318253195877,0.0,40.0
55200,33.137568757196256,0.0,40.0
55300,33.19437458997794,0.0,40.0
55400,33.4167284909843,0.0,40.0
55500,32.91729243209428,0.0,40.0
55600,33.18101671980084,0.0,40.0
55700,33.188196447216235,0.0,40.0
55800,33.38184209552843,0.0,40.0
55900,33.2563829806252,0.0,40.0
56000,33.221711909419454,0.0,40.0
56100,32.92262868935495,0.0,40.0
56200,33.16135191155674,0.0,40.0
56300,33.4118659868788,0.0,40.0
56400,33.19756990921665,0.0,40.0
56500,33.25573101128052,0.0,40.0
56600,33.21877843535239,0.0,40.0
56700,33.35674666767619,0.0,40.0
56800,33.026956230130914,0.0,40.0
56900,33.05595735079115,0.0,40.0
57000,33.13613037960316,0.0,40.0
57100,33.20924214691433,0.0,40.0
57200,33.337612875631955,0.0,40.0
57300,32.98228578492881,0.0,40.0
57400,33.09044403121124,0.0,40.0
57500,33.428486444423235,0.0,40.0
57600,32.99595405740287,0.0,40.0
57700,32.77858526125955,0.0,40.0
57800,33.10498103666088,0.0,40.0
57900,33.081294862683066,0.0,40.0
58000,33.201631880778166,0.0,40.0
58100,32.80675055003044,0.0,40.0
58200,33.068414748804514,0.0,40.0
58300,33.23064309462803,0.0,40.0
58400,33.1508373068874,0.0,40.0
58500,33.29567095253898,0.0,40.0
58600,33.30182477767421,0.0,40.0
58700,33.15653835655,0.0,40.0
58800,32.890010447258696,0.0,40.0
58900,32.90026315317043,0.0,40.0
59000,32.934381278880984,0.0,40.0
59100,33.249860457169305,0.0,40.0
59200,33.16887314832153,0.0,40.0
59300,32.924158034785194,0.0,40.0
59400,33.10640835437022,0.0,40.0
59500,33.211910382808966,0.0,40.0
59600,33.2753427365999,0.0,40.0
59700,33.18570253352712,0.0,40.0
59800,33.155428326608885,0.0,40.0
59900,33.35171333769402,0.0,40.0
60000,33.40334653639494,0.0,40.0
60100,33.39652253910707,0.0,40.0
60200,33.4231794719434,0.0,40.0
60300,33.263100295018766,0.0,40.0
60400,32.74108193254801,0.0,40.0
60500,33.24257747646709,0.0,40.0
60600,33.38402907838641,0.0,40.0
60700,33.333779585609655,0.0,40.0
60800,33.35053771581133,0.0,40.0
60900,33.36247709742416,0.0,40.0
61000,33.336501380799774,0.0,40.0
61100,33.22243308469836,0.0,40.0
61200,33.32769615820584,0.0,40.0
61300,33.40709050288768,0.0,40.0
61400,33.439654007358165,0.0,40.0
61500,33.11457450041911,0.0,40.0
61600,33.43406799102779,0.0,40.0
61700,33.315549788557796,0.0,40.0
61800,33.367098645554684,0.0,40.0
61900,33.459844487409555,0.0,40.0
62000,33.394401542375995,0.0,40.0
62100,33.19420721680151,0.0,40.0
62200,33.287068913701454,0.0,40.0
62300,32.710049684587204,0.0,40.0
62400,32.9383143806039,0.0,40.0
62500,32.998807282331306,0.0,40.0
62600,33.020682875827056,0.0,40.0
62700,33.35017723843678,0.0,40.0
62800,32.9618195175756,0.0,40.0
62900,32.804494933132695,0.0,40.0
63000,33.3874848473615,0.0,40.0
63100,32.64722457338431,0.0,40.0
63200,33.30930505539651,0.0,40.0
63300,33.347064403273066,0.0,40.0
63400,33.395986278517874,0.0,40.0
63500,33.50195851208463,0.0,40.0
63600,33.01745906027432,0.0,40.0
63700,33.29820089647384,0.0,40.0
63800,33.05325591518612,0.0,40.0
63900,33.326182297679445,0.0,40.0
64000,32.78315031830686,0.0,40.0
64100,32.67856530905602,0.0,40.0
64200,32.72185502625216,0.0,40.0
64300,33.3936242874048,0.0,40.0
64400,33.285362936835995,0.0,40.0
64500,33.36114170771542,0.0,40.0
64600,33.36289932141866,0.0,40.0
64700,33.4054228149394,0.0,40.0
64800,33.31191698777442,0.0,40.0
64900,33.268891806361175,0.0,40.0
65000,33.336893900602924,0.0,40.0
65100,33.33938295862824,0.0,40.0
65200,32.664475311810946,0.0,40.0
65300,33.307176164381175,0.0,40.0
65400,33.28212155199806,0.0,40.0
65500,33.357659227695464,0.0,40.0
65600,33.31064195697856,0.0,40.0
65700,32.96063347696204,0.0,40.0
65800,33.420384618819,0.0,40.0
65900,33.302059709341236,0.0,40.0
66000,33.44927284532155,0.0,40.0
66100,33.32696016451855,0.0,40.0
66200,33.38431656180613,0.0,40.0
66300,33.30085084309725,0.0,40.0
66400,33.33781646408516,0.0,40.0
66500,33.38712644765231,0.0,40.0
66600,32.90708487964365,0.0,40.0
66700,33.427737245035395,0.0,40.0
66800,33.49244303789541,0.0,40.0
66900,33.5043442646946,0.0,40.0
67000,32.86865176880924,0.0,40.0
67100,33.42936099693274,0.0,40.0
67200,32.800903087751415,0.0,40.0
67300,33.473767901566326,0.0,40.0
67400,33.57997178212647,0.0,40.0
67500,33.252380872013866,0.0,40.0
67600,32.87679589304186,0.0,40.0
67700,33.005407113501384,0.0,40.0
67800,32.85622356575119,0.0,40.0
67900,33.30466756665194,0.0,40.0
68000,33.34598013553432,0.0,40.0
68100,32.654076573600896,0.0,40.0
68200,32.728837385793234,0.0,40.0
68300,32.62157380377144,0.0,40.0
68400,33.35104677329813,0.0,40.0
68500,33.32383960713006,0.0,40.0
68600,33.3868899916396,0.0,40.0
68700,33.24719304147918,0.0,40.0
68800,33.41822367152831,0.0,40.0
68900,33.37378603847898,0.0,40.0
69000,33.25898812804945,0.0,40.0
69100,33.008564206994784,0.0,40.0
69200,33.346438611561815,0.0,40.0
69300,33.31444570357202,0.0,40.0
69400,33.31687142378368,0.0,40.0
69500,33.04967840514667,0.0,40.0
69600,33.404594770195075,0.0,40.0
69700,33.16903274680645,0.0,40.0
69800,32.84909050904971,0.0,40.0
69900,33.15703941578729,0.0,40.0
70000,33.35382081019419,0.0,40.0
70100,33.406928213328136,0.0,40.0
70200,32.82479197078027,0.0,40.0
70300,32.921581357497566,0.0,40.0
70400,33.27553656559195,0.0,40.0
70500,33.236717443734854,0.0,40.0
70600,33.17757013139679,0.0,40.0
70700,33.15881128199504,0.0,40.0
70800,32.927304643281,0.0,40.0
70900,33.22119584664542,0.0,40.0
71000,32.78388221074248,0.0,40.0
71100,32.652040358573444,0.0,40.0
71200,32.66997985094225,0.0,40.0
71300,32.64140897106603,0.0,40.0
71400,33.10441290943638,0.0,40.0
71500,33.16128376329365,0.0,40.0
71600,32.82819300423368,0.0,40.0
71700,33.44170667036053,0.0,40.0
71800,33.281895885858866,0.0,40.0
71900,33.38809078811277,0.0,40.0
72000,33.173956329232155,0.0,40.0
72100,33.16401521895397,0.0,40.0
72200,33.08696085586224,0.0,40.0
72300,32.810178812179835,0.0,40.0
72400,32.93902046958295,0.0,40.0
72500,32.733378032670075,0.0,40.0
72600,32.88416515141413,0.0,40.0
72700,32.942201364944964,0.0,40.0
72800,33.36629514185713,0.0,40.0
72900,33.354512808405964,0.0,40.0
73000,33.29909569428748,0.0,40.0
73100,33.383782787072896,0.0,40.0
73200,33.20030677099614,0.0,40.0
73300,32.87617267783016,0.0,40.0
73400,33.31109660078241,0.0,40.0
73500,33.20344768546954,0.0,40.0
73600,32.98788599241281,0.0,40.0
73700,32.93439449256226,0.0,40.0
73800,33.246860015080145,0.0,40.0
73900,33.17029287013701,0.0,40.0
74000,32.75537911994491,0.0,40.0
74100,33.606812325545924,0.0,40.0
74200,33.5691060358785,0.0,40.0
74300,33.39281983068403,0.0,40.0
74400,32.819633333564624,0.0,40.0
74500,32.74500423530104,0.0,40.0
74600,32.91728873078202,0.0,40.0
74700,33.31413556549687,0.0,40.0
74800,33.02306620323298,0.0,40.0
74900,32.95002475748947,0.0,40.0
75000,33.303314966057236,0.0,40.0
75100,32.71355194789767,0.0,40.0
75200,32.84485732441243,0.0,40.0
75300,32.681298928218176,0.0,40.0
75400,32.85611814361632,0.0,40.0
75500,33.20668550923641,0.0,40.0
75600,32.956981874272664,0.0,40.0
75700,33.4081739621124,0.0,40.0
75800,33.27739692438619,0.0,40.0
75900,33.11987548100967,0.0,40.0
76000,33.29674322921897,0.0,40.0
76100,33.012475798481915,0.0,40.0
76200,32.945385156140645,0.0,40.0
76300,33.328748963108474,0.0,40.0
76400,33.046919484047386,0.0,40.0
76500,32.87111632862311,0.0,40.0
76600,33.0317363282592,0.0,40.0
76700,32.630316720990315,0.0,40.0
76800,33.334916612086786,0.0,40.0
76900,32.73084749253015,0.0,40.0
77000,33.470832338465584,0.0,40.0
77100,33.32229821884304,0.0,40.0
77200,33.378307478116945,0.0,40.0
77300,32.80858866587945,0.0,40.0
77400,32.76363998660494,0.0,40.0
77500,33.16093479912332,0.0,40.0
77600,33.29966145205513,0.0,40.0
77700,33.36292283716871,0.0,40.0
77800,33.241856871009134,0.0,40.0
77900,33.33718486300703,0.0,40.0
78000,32.709175610946744,0.0,40.0
78100,32.91858548184269,0.0,40.0
78200,32.69956807586373,0.0,40.0
78300,33.33040918408567,0.0,40.0
78400,32.80239901131683,0.0,40.0
78500,33.4359853605888,0.0,40.0
78600,32.78846934482192,0.0,40.0
78700,33.12376939302573,0.0,40.0
78800,33.3494143817673,0.0,40.0
78900,33.305172248598936,0.0,40.0
79000,33.30886331770721,0.0,40.0
79100,32.94942080136441,0.0,40.0
79200,33.28698660645192,0.0,40.0
79300,32.87883382865331,0.0,40.0
79400,33.23881412829186,0.0,40.0
79500,33.160298299035844,0.0,40.0
79600,33.13675915208483,0.0,40.0
79700,33.20086936789432,0.0,40.0
79800,32.93683063180933,0.0,40.0
79900,32.71663317307268,0.0,40.0
80000,33.04754685416387,0.0,40.0
80100,32.944682501779454,0.0,40.0
80200,33.27855605643973,0.0,40.0
80300,32.96739520123712,0.0,40.0
80400,33.19137879268565,0.0,40.0
80500,33.2923509241922,0.0,40.0
80600,32.69390882982094,0.0,40.0
80700,32.915961792184305,0.0,40.0
80800,33.09152264009353,0.0,40.0
80900,33.26073475573414,0.0,40.0
81000,33.375289402015554,0.0,40.0
81100,33.19507619673856,0.0,40.0
81200,33.07338683767029,0.0,40.0
81300,32.84806290475444,0.0,40.0
81400,33.08776587710917,0.0,40.0
81500,33.276436819256986,0.0,40.0
81600,33.25129092654994,0.0,40.0
81700,33.300115989115454,0.0,40.0
81800,33.38961228704211,0.0,40.0
81900,33.40872462351305,0.0,40.0
82000,33.283493864385235,0.0,40.0
82100,33.45433671137227,0.0,40.0
82200,33.39384919402044,0.0,40.0
82300,33.362172769670764,0.0,40.0
82400,33.371845510980165,0.0,40.0
82500,33.053006773935564,0.0,40.0
82600,33.35018548007082,0.0,40.0
82700,33.27030088061118,0.0,40.0
82800,32.63020254705214,0.0,40.0
82900,33.221274925024396,0.0,40.0
83000,32.943624443598274,0.0,40.0
83100,33.262861270467795,0.0,40.0
83200,32.865368752805075,0.0,40.0
83300,32.90646990039355,0.0,40.0
83400,33.334827262098024,0.0,40.0
83500,32.845897530645615,0.0,40.0
83600,33.21285882893445,0.0,40.0
83700,33.07983592906989,0.0,40.0
83800,33.28522444333337,0.0,40.0
83900,33.35299153847197,0.0,40.0
84000,33.06939970391492,0.0,40.0
84100,33.29568064565133,0.0,40.0
84200,33.280607350613444,0.0,40.0
84300,32.89110435255445,0.0,40.0
84400,33.313465677640735,0.0,40.0
84500,33.29515470821261,0.0,40.0
84600,33.26206091358291,0.0,40.0
84700,32.65426069589935,0.0,40.0
84800,32.89127756968072,0.0,40.0
84900,32.84076236942084,0.0,40.0
85000,32.78836955368877,0.0,40.0
85100,33.45423019679141,0.0,40.0
85200,32.928478218262086,0.0,40.0
85300,33.011238414630725,0.0,40.0
85400,32.627957018257604,0.0,40.0
85500,32.861710511209175,0.0,40.0
85600,33.1702685509157,0.0,40.0
85700,33.22907756837757,0.0,40.0
85800,33.28826819952934,0.0,40.0
85900,33.30373301806245,0.0,40.0
86000,33.29860167668684,0.0,40.0
86100,32.71098670433011,0.0,40.0
86200,33.2587832606922,0.0,40.0
86300,32.601436540619005,0.0,40.0
86400,32.95466405561402,0.0,40.0
86500,33.28797444634658,0.0,40.0
86600,32.62879297025674,0.0,40.0
86700,32.85067149120276,0.0,40.0
86800,33.25609758514431,0.0,40.0
86900,32.93419000407585,0.0,40.0
87000,33.20055179264394,0.0,40.0
87100,32.918368666380545,0.0,40.0
87200,32.77920613884748,0.0,40.0
87300,33.14515114023497,0.0,40.0
87400,32.72812972613292,0.0,40.0
87500,32.79976629093908,0.0,40.0
87600,32.99347624706697,0.0,40.0
87700,33.31680518641378,0.0,40.0
87800,32.67879697402384,0.0,40.0
87900,33.044552400435215,0.0,40.0
88000,33.12817219481654,0.0,40.0
88100,32.94312500248372,0.0,40.0
88200,33.21677058482112,0.0,40.0
88300,33.2332242865607,0.0,40.0
88400,32.80253558147742,0.0,40.0
88500,33.11058290410289,0.0,40.0
88600,32.80151300726241,0.0,40.0
88700,33.289513908831275,0.0,40.0
88800,32.90310389677357,0.0,40.0
88900,33.32769617705227,0.0,40.0
89000,32.97718487232924,0.0,40.0
89100,33.430748399621734,0.0,40.0
89200,33.37372091554661,0.0,40.0
89300,33.40867123521508,0.0,40.0
89400,32.71476441163524,0.0,40.0
89500,33.11023018066496,0.0,40.0
89600,32.90260260317077,0.0,40.0
89700,33.25555650694133,0.0,40.0
89800,33.353780890229174,0.0,40.0
89900,33.282282017432095,0.0,40.0
90000,33.305595809732345,0.0,40.0
90100,32.78082825078445,0.0,40.0
90200,33.24319228753037,0.0,40.0
90300,33.217520238502736,0.0,40.0
90400,32.98891889896162,0.0,40.0
90500,32.71967141072597,0.0,40.0
90600,32.88080747203219,0.0,40.0
90700,33.277610666025566,0.0,40.0
90800,32.75540066745165,0.0,40.0
90900,33.302317076677795,0.0,40.0
91000,33.21835641918313,0.0,40.0
91100,33.21493889953616,0.0,40.0
91200,33.278875083140676,0.0,40.0
91300,32.86822841825767,0.0,40.0
91400,32.88207303161849,0.0,40.0
91500,32.85420971052465,0.0,40.0
91600,33.262450212928286,0.0,40.0
91700,33.36241605253918,0.0,40.0
91800,33.18402740874247,0.0,40.0
91900,33.22383013607229,0.0,40.0
92000,32.957162074753754,0.0,40.0
92100,33.265361768693886,0.0,40.0
92200,33.1357010160757,0.0,40.0
92300,33.28323322431289,0.0,40.0
92400,33.273201020736686,0.0,40.0
92500,33.19853979830429,0.0,40.0
92600,33.19458271240586,0.0,40.0
92700,33.21572420972761,0.0,40.0
92800,33.20266500418263,0.0,40.0
92900,33.174840427117665,0.0,40.0
93000,33.23708603530659,0.0,40.0
93100,33.17558489550649,0.0,40.0
93200,33.25480764927316,0.0,40.0
93300,32.98471657674733,0.0,40.0
93400,32.95657078212061,0.0,40.0
93500,33.064234212932,0.0,40.0
93600,33.415650235751954,0.0,40.0
93700,33.295327366349035,0.0,40.0
93800,33.20202529451724,0.0,40.0
93900,32.93778086856787,0.0,40.0
94000,33.40947887646424,0.0,40.0
94100,33.32519601182183,0.0,40.0
94200,33.296200015789715,0.0,40.0
94300,33.10100371462929,0.0,40.0
94400,32.7346692161027,0.0,40.0
94500,33.25702705138184,0.0,40.0
94600,33.26845491049061,0.0,40.0
94700,33.317377969544566,0.0,40.0
94800,33.004142491890086,0.0,40.0
94900,32.7429556608938,0.0,40.0
95000,32.80037385476498,0.0,40.0
95100,33.04705242134352,0.0,40.0
95200,33.276558029013714,0.0,40.0
95300,32.95421631705975,0.0,40.0
95400,33.285485492637555,0.0,40.0
95500,32.82266790714041,0.0,40.0
95600,33.3292532310165,0.0,40.0
95700,32.92798112605292,0.0,40.0
95800,33.305394801377204,0.0,40.0
95900,32.68844199952106,0.0,40.0
96000,33.279253751263006,0.0,40.0
96100,32.69365976089138,0.0,40.0
96200,33.25338688018246,0.0,40.0
96300,33.351346668974486,0.0,40.0
96400,33.36624030979572,0.0,40.0
96500,32.97653362416614,0.0,40.0
96600,32.778387038988505,0.0,40.0
96700,32.96732195859569,0.0,40.0
96800,33.267716073266456,0.0,40.0
96900,32.82790194621384,0.0,40.0
97000,33.268302607290686,0.0,40.0
97100,33.18562423386014,0.0,40.0
97200,33.381577128542396,0.0,40.0
97300,33.357842491166416,0.0,40.0
97400,32.757299045503146,0.0,40.0
97500,33.4029313478456,0.0,40.0
97600,33.19483949008759,0.0,40.0
97700,32.833890579740775,0.0,40.0
97800,32.696288315792074,0.0,40.0
97900,32.78054848735115,0.0,40.0
98000,33.20381226157828,0.0,40.0
98100,33.77894055988036,0.0,40.0
98200,33.4920260095696,0.0,40.0
98300,33.21022057290662,0.0,40.0
98400,33.13665639244615,0.0,40.0
98500,32.99721973368704,0.0,40.0
98600,33.36057345325916,0.0,40.0
98700,32.713917851086144,0.0,40.0
98800,33.33689855743961,0.0,40.0
98900,33.23228522664626,0.0,40.0
99000,33.28004799441919,0.0,40.0
99100,33.32978852631627,0.0,40.0
99200,32.90926234400836,0.0,40.0
99300,32.94215673125159,0.0,40.0
99400,33.33667901184713,0.0,40.0
99500,33.199860965799466,0.0,40.0
99600,32.785885351097534,0.0,40.0
99700,33.005670661978314,0.0,40.0
99800,32.7134065614381,0.0,40.0
99900,33.01744118725351,0.0,40.0
100000,33.10874888727506,0.0,40.0
